City_ID,City,Country,Date,Lat,Lng,Max Temp,Humidity,Cloudiness,Wind Speed
0,Tandil,AR,2020-09-07 22:27:51,-37.32,-59.13,55.0,61,11,6.55
1,Puerto Ayora,EC,2020-09-07 22:27:52,-0.74,-90.35,75.2,60,40,8.05
2,Pangnirtung,CA,2020-09-07 22:27:52,66.15,-65.71,42.8,61,20,11.41
3,Codrington,AU,2020-09-07 22:27:52,-38.27,141.97,56.91,83,100,12.08
4,Malindi,KE,2020-09-07 22:27:53,-3.22,40.12,74.59,81,14,11.48
5,Lethem,GY,2020-09-07 22:27:53,3.38,-59.8,83.57,65,73,2.42
6,Atambua,ID,2020-09-07 22:27:53,-9.11,124.89,67.03,83,100,5.14
7,Isangel,VU,2020-09-07 22:27:54,-19.55,169.27,73.4,83,90,4.7
8,Dikson,RU,2020-09-07 22:27:54,73.51,80.55,43.3,79,100,19.37
9,Ballina,AU,2020-09-07 22:27:54,-28.87,153.57,63.0,82,96,6.93
10,Busselton,AU,2020-09-07 22:27:56,-33.65,115.33,46.99,82,59,9.42
11,Chapais,CA,2020-09-07 22:27:56,49.78,-74.85,60.8,67,75,16.11
12,Mobile,US,2020-09-07 22:26:41,30.78,-88.2,91.99,43,40,4.7
13,Vila Velha,BR,2020-09-07 22:24:52,-20.33,-40.29,77.0,83,40,14.99
14,Qasigiannguit,GL,2020-09-07 22:27:57,68.82,-51.19,39.2,85,97,6.93
15,Bonavista,CA,2020-09-07 22:26:45,48.65,-53.11,58.37,72,0,11.32
16,Jamestown,US,2020-09-07 22:26:40,42.1,-79.24,68.0,88,75,9.17
17,Hermanus,ZA,2020-09-07 22:27:58,-34.42,19.23,61.0,73,0,1.01
18,Anadyr,RU,2020-09-07 22:27:58,64.75,177.48,46.4,65,0,4.47
19,Hilo,US,2020-09-07 22:23:19,19.73,-155.09,86.0,58,40,3.36
20,Mataura,NZ,2020-09-07 22:27:59,-46.19,168.86,45.0,72,21,11.01
21,Changuinola,PA,2020-09-07 22:28:00,9.43,-82.52,83.93,69,98,4.36
22,Tocache,PE,2020-09-07 22:28:00,-8.18,-76.51,88.0,43,34,2.86
23,Saint-Philippe,RE,2020-09-07 22:28:00,-21.36,55.77,71.6,94,75,24.16
24,Lompoc,US,2020-09-07 22:25:43,34.64,-120.46,84.2,42,1,16.11
25,Tygda,RU,2020-09-07 22:28:01,53.12,126.33,53.49,93,100,5.44
26,Katsuura,JP,2020-09-07 22:28:01,35.13,140.3,82.99,94,75,13.87
27,Kapaa,US,2020-09-07 22:24:42,22.08,-159.32,86.0,66,75,10.29
28,Rikitea,PF,2020-09-07 22:28:02,-23.12,-134.97,73.17,83,3,13.0
29,Noyabrsk,RU,2020-09-07 22:28:02,63.2,75.45,42.42,85,42,4.5
30,Weinan,CN,2020-09-07 22:28:03,34.5,109.51,75.0,93,0,4.47
31,Georgetown,MY,2020-09-07 22:28:03,5.41,100.34,80.01,94,20,2.24
32,Ambulu,ID,2020-09-07 22:28:04,-8.35,113.61,73.44,88,20,4.16
33,Innisfail,AU,2020-09-07 22:28:05,-17.53,146.03,64.99,84,58,3.0
34,Komsomolskiy,UZ,2020-09-07 22:28:05,40.43,71.72,60.8,44,11,6.93
35,Manaure,CO,2020-09-07 22:28:06,11.78,-72.44,85.62,71,17,15.75
36,Albany,US,2020-09-07 22:28:07,42.6,-73.97,78.01,53,3,6.67
37,Klaksvik,FO,2020-09-07 22:28:07,62.23,-6.59,51.8,87,7,18.34
38,Kidal,ML,2020-09-07 22:28:07,18.44,1.41,89.78,36,20,10.87
39,Provideniya,RU,2020-09-07 22:28:08,64.38,-173.3,46.4,59,100,15.66
40,Saskylakh,RU,2020-09-07 22:28:08,71.92,114.08,42.17,72,0,8.84
41,Umm Kaddadah,SD,2020-09-07 22:28:09,13.6,26.69,82.8,41,76,7.47
42,New Norfolk,AU,2020-09-07 22:28:09,-42.78,147.06,64.4,45,75,12.75
43,Ushuaia,AR,2020-09-07 22:28:10,-54.8,-68.3,44.6,65,40,9.17
44,Bluff,NZ,2020-09-07 22:28:10,-46.6,168.33,45.0,72,13,11.01
45,Waipawa,NZ,2020-09-07 22:28:10,-41.41,175.52,52.0,66,0,16.11
46,Kruisfontein,ZA,2020-09-07 22:28:11,-34.0,24.73,59.0,86,2,1.01
47,Cherskiy,RU,2020-09-07 22:28:11,68.75,161.3,43.23,68,10,12.62
48,Atuona,PF,2020-09-07 22:28:11,-9.8,-139.03,78.78,74,76,21.97
49,Port Lincoln,AU,2020-09-07 22:28:12,-34.73,135.87,57.18,77,100,6.62
50,Cape Town,ZA,2020-09-07 22:28:12,-33.93,18.42,55.4,93,0,4.7
51,Hithadhoo,MV,2020-09-07 22:28:12,-0.6,73.08,82.29,77,82,13.04
52,Ruteng,ID,2020-09-07 22:28:13,-8.61,120.47,59.79,83,92,0.78
53,Ponta Do Sol,PT,2020-09-07 22:28:13,32.67,-17.1,71.01,76,89,3.0
54,Eyl,SO,2020-09-07 22:28:13,7.98,49.82,75.7,78,72,20.13
55,Cabo San Lucas,MX,2020-09-07 22:24:22,22.89,-109.91,87.01,70,20,3.36
56,Punta Arenas,CL,2020-09-07 22:28:14,-53.15,-70.92,42.8,81,98,2.24
57,Mkushi,ZM,2020-09-07 22:28:14,-13.62,29.39,59.59,41,0,9.62
58,Carnarvon,AU,2020-09-07 22:28:15,-24.87,113.63,60.8,100,99,9.17
59,Togur,RU,2020-09-07 22:28:15,58.36,82.83,41.25,95,78,3.85
60,Castro,BR,2020-09-07 22:28:15,-24.79,-50.01,67.69,62,75,6.26
61,Jurm,AF,2020-09-07 22:28:16,36.86,70.83,53.83,40,0,0.22
62,Bull Savanna,JM,2020-09-07 22:28:16,17.89,-77.59,81.97,75,100,8.28
63,Vila Franca Do Campo,PT,2020-09-07 22:27:15,37.72,-25.43,69.8,83,40,6.93
64,Norman Wells,CA,2020-09-07 22:28:17,65.28,-126.83,55.4,62,90,6.93
65,Bambous Virieux,MU,2020-09-07 22:28:17,-20.34,57.76,72.0,94,20,11.41
66,Lata,PT,2020-09-07 22:28:17,40.16,-8.33,75.99,33,0,8.01
67,Koumac,NC,2020-09-07 22:28:18,-20.57,164.28,73.02,70,69,7.23
68,Bonthe,SL,2020-09-07 22:28:18,7.53,-12.51,76.86,88,100,7.94
69,Airai,TL,2020-09-07 22:28:19,-8.93,125.41,56.86,76,99,3.96
70,Shinpokh,PK,2020-09-07 22:28:19,34.33,71.18,77.0,69,20,4.7
71,Mount Gambier,AU,2020-09-07 22:28:19,-37.83,140.77,57.2,82,90,13.87
72,Lebu,CL,2020-09-07 22:28:20,-37.62,-73.65,50.99,82,45,8.12
73,Tessalit,ML,2020-09-07 22:28:20,20.2,1.01,94.15,20,11,4.79
74,Laguna,US,2020-09-07 22:28:20,38.42,-121.42,109.0,14,1,4.7
75,Beringovskiy,RU,2020-09-07 22:28:21,63.05,179.32,47.1,63,47,11.99
76,Barrow,US,2020-09-07 22:28:22,71.29,-156.79,37.4,86,90,16.11
77,Mollendo,PE,2020-09-07 22:28:22,-17.02,-72.01,58.89,77,100,3.65
78,Bremerton,US,2020-09-07 22:24:23,47.57,-122.63,82.4,24,1,14.99
79,Vaini,TO,2020-09-07 22:28:23,-21.2,-175.2,75.2,73,75,12.75
80,Valparaiso,CL,2020-09-07 22:24:18,-33.04,-71.63,60.8,63,57,4.7
81,Yantarnyy,RU,2020-09-07 22:28:25,54.87,19.94,55.99,93,75,8.95
82,Sao Jose Da Coroa Grande,BR,2020-09-07 22:28:25,-8.9,-35.15,74.21,79,0,7.31
83,Bilibino,RU,2020-09-07 22:28:26,68.05,166.44,42.6,63,91,1.68
84,Mar Del Plata,AR,2020-09-07 22:27:58,-38.0,-57.56,50.0,87,0,11.41
85,Saint-Georges,GD,2020-09-07 22:28:27,12.06,-61.75,84.2,79,20,14.99
86,Avarua,CK,2020-09-07 22:28:27,-21.21,-159.78,77.0,47,47,10.29
87,Abu Samrah,SY,2020-09-07 22:28:27,35.3,37.18,77.68,22,0,3.47
88,Sibolga,ID,2020-09-07 22:28:28,1.74,98.78,76.17,84,100,2.19
89,Upernavik,GL,2020-09-07 22:28:28,72.79,-56.15,36.48,83,99,4.59
90,Geraldton,AU,2020-09-07 22:28:29,-28.77,114.6,44.6,93,0,6.93
91,Los Llanos De Aridane,ES,2020-09-07 22:28:29,28.66,-17.92,82.4,32,66,9.17
92,Bethel,US,2020-09-07 22:26:05,41.37,-73.41,73.4,64,1,8.05
93,Galashki,RU,2020-09-07 22:28:30,43.11,44.99,62.6,93,1,4.47
94,Thompson,CA,2020-09-07 22:28:30,55.74,-97.86,44.6,81,90,11.41
95,Nikolskoye,RU,2020-09-07 22:28:30,59.7,30.79,52.0,87,86,3.71
96,Kjopsvik,NO,2020-09-07 22:28:31,68.1,16.37,57.2,54,100,13.87
97,Hobart,AU,2020-09-07 22:25:31,-42.88,147.33,64.4,45,75,12.75
98,Clyde River,CA,2020-09-07 22:28:31,70.47,-68.59,37.4,86,90,9.17
99,Te Anau,NZ,2020-09-07 22:28:32,-45.42,167.72,48.79,75,53,5.17
100,The Valley,AI,2020-09-07 22:28:32,18.22,-63.06,86.0,74,20,8.05
101,Lorena,BR,2020-09-07 22:28:33,-22.73,-45.12,75.2,44,1,4.7
102,Marawi,PH,2020-09-07 22:28:33,8.0,124.29,75.0,88,0,4.0
103,Mogadishu,SO,2020-09-07 22:28:33,2.04,45.34,76.21,78,57,16.82
104,Abha,SA,2020-09-07 22:28:34,18.22,42.51,69.8,22,30,6.78
105,Coquimbo,CL,2020-09-07 22:28:34,-29.95,-71.34,55.4,82,3,10.29
106,Chuy,UY,2020-09-07 22:28:34,-33.7,-53.46,51.12,83,72,7.47
107,Necochea,AR,2020-09-07 22:28:35,-38.55,-58.74,48.0,69,39,5.01
108,Fairview,US,2020-09-07 22:27:59,40.81,-74.0,75.2,64,1,3.36
109,Khatanga,RU,2020-09-07 22:28:36,71.97,102.5,40.17,78,0,8.01
110,Hot Springs,US,2020-09-07 22:28:36,34.5,-93.06,87.01,62,1,3.36
111,Campos,BR,2020-09-07 22:28:36,-21.75,-41.3,77.0,78,75,18.34
112,Atasu,KZ,2020-09-07 22:28:37,48.68,71.64,51.6,64,58,6.2
113,Severo-Kurilsk,RU,2020-09-07 22:28:37,50.68,156.12,54.7,88,21,11.14
114,Dianalund,DK,2020-09-07 22:28:38,55.53,11.49,66.0,82,83,8.05
115,Hasaki,JP,2020-09-07 22:28:38,35.73,140.83,84.2,83,20,10.29
116,Holstebro,DK,2020-09-07 22:28:38,56.36,8.62,59.0,87,89,9.17
117,Esperance,AU,2020-09-07 22:28:39,-33.87,121.9,44.6,100,0,10.29
118,Madarounfa,NE,2020-09-07 22:28:39,13.31,7.16,80.51,69,40,8.84
119,Ribeira Grande,PT,2020-09-07 22:28:39,38.52,-28.7,70.48,79,14,20.09
120,Atar,MR,2020-09-07 22:28:40,20.52,-13.05,94.91,34,29,11.1
121,Bathsheba,BB,2020-09-07 22:28:40,13.22,-59.52,82.4,78,20,10.29
122,Todiresti,RO,2020-09-07 22:28:40,47.32,26.83,62.01,97,47,35.01
123,Qaanaaq,GL,2020-09-07 22:28:41,77.48,-69.36,23.4,80,27,7.45
124,Turukhansk,RU,2020-09-07 22:28:41,65.82,87.98,48.54,70,100,4.0
125,Dubbo,AU,2020-09-07 22:27:50,-32.25,148.62,59.0,72,0,9.17
126,Yafran,LY,2020-09-07 22:28:42,32.06,12.53,71.11,89,43,5.57
127,Grindavik,IS,2020-09-07 22:28:42,63.84,-22.43,46.4,81,75,2.24
128,Quatre Cocos,MU,2020-09-07 22:28:43,-20.21,57.76,72.0,94,20,11.41
129,Zhaotong,CN,2020-09-07 22:28:45,27.32,103.72,55.47,88,100,0.96
130,Hakkari,TR,2020-09-07 22:27:32,37.58,44.17,56.43,38,0,2.19
131,Port Alfred,ZA,2020-09-07 22:28:46,-33.59,26.89,61.57,86,1,9.53
132,Codajas,BR,2020-09-07 22:28:47,-3.84,-62.06,89.47,38,45,0.56
133,Sibiti,CG,2020-09-07 22:28:47,-3.68,13.35,71.08,84,100,3.18
134,Kavaratti,IN,2020-09-07 22:28:47,10.57,72.64,81.82,82,100,13.27
135,Tamsweg,AT,2020-09-07 22:28:48,47.13,13.81,53.01,96,80,0.4
136,Ilheus,BR,2020-09-07 22:28:48,-14.79,-39.05,77.0,73,75,3.36
137,Kloulklubed,PW,2020-09-07 22:28:49,7.04,134.26,78.8,94,75,4.45
138,Kalabo,ZM,2020-09-07 22:28:49,-14.97,22.68,60.91,30,0,5.08
139,Saldanha,ZA,2020-09-07 22:28:49,-33.01,17.94,55.4,76,0,5.82
140,Kodiak,US,2020-09-07 22:23:57,57.79,-152.41,62.6,51,1,13.87
141,Tasiilaq,GL,2020-09-07 22:28:50,65.61,-37.64,39.2,80,65,3.36
142,Yellowknife,CA,2020-09-07 22:28:47,62.46,-114.35,50.0,57,75,17.22
143,Ostrovnoy,RU,2020-09-07 22:28:51,68.05,39.51,50.25,87,95,11.81
144,Lewistown,US,2020-09-07 22:28:35,40.6,-77.57,81.0,51,1,9.17
145,Astoria,US,2020-09-07 22:28:51,46.19,-123.83,84.2,26,1,17.22
146,Fort-Shevchenko,KZ,2020-09-07 22:28:51,44.51,50.26,77.18,25,100,20.33
147,Shetpe,KZ,2020-09-07 22:28:52,44.17,52.12,68.36,22,100,12.84
148,Victoria,HK,2020-09-07 22:27:21,22.29,114.16,82.0,88,40,12.75
149,Areia Branca,BR,2020-09-07 22:28:53,-4.96,-37.14,79.86,69,48,24.29
150,Sasaram,IN,2020-09-07 22:28:53,24.95,84.01,81.01,83,100,4.52
151,Belomorsk,RU,2020-09-07 22:28:53,64.52,34.77,49.21,86,0,7.78
152,Yar-Sale,RU,2020-09-07 22:28:54,66.83,70.83,48.87,67,100,10.89
153,Karatau,KZ,2020-09-07 22:28:54,43.17,70.47,52.97,39,52,3.96
154,Kalmunai,LK,2020-09-07 22:28:54,7.42,81.82,80.92,74,99,3.58
155,Asau,RO,2020-09-07 22:28:55,46.43,26.4,62.01,91,0,2.28
156,Souillac,MU,2020-09-07 22:28:55,-20.52,57.52,71.6,94,20,11.41
157,Port Elizabeth,ZA,2020-09-07 22:25:02,-33.92,25.57,59.0,93,20,3.36
158,El Espinal,MX,2020-09-07 22:28:56,16.33,-94.07,85.39,69,96,1.16
159,Porto Walter,BR,2020-09-07 22:28:56,-8.27,-72.74,74.17,91,89,4.38
160,Saint Anthony,US,2020-09-07 22:28:56,45.02,-93.22,53.6,87,90,6.93
161,Karaton,ID,2020-09-07 22:28:57,-6.34,106.1,81.0,74,40,4.7
162,East London,ZA,2020-09-07 22:28:57,-33.02,27.91,65.68,76,88,5.19
163,Maniitsoq,GL,2020-09-07 22:28:58,65.42,-52.9,41.07,72,57,8.48
164,Alofi,NU,2020-09-07 22:28:58,-19.06,-169.92,77.0,61,75,18.34
165,Ca Mau,VN,2020-09-07 22:28:58,9.18,105.15,78.64,85,66,4.05
166,Namibe,AO,2020-09-07 22:28:59,-15.2,12.15,67.46,88,35,4.81
167,Keti Bandar,PK,2020-09-07 22:28:59,24.14,67.45,82.11,81,1,13.22
168,Aquin,HT,2020-09-07 22:28:59,18.28,-73.4,83.34,69,98,2.48
169,Pisco,PE,2020-09-07 22:24:33,-13.7,-76.22,66.2,63,6,12.75
170,Faanui,PF,2020-09-07 22:29:00,-16.48,-151.75,77.68,80,20,16.75
171,Kenora,CA,2020-09-07 22:29:00,49.82,-94.43,48.2,49,75,12.75
172,Morgan City,US,2020-09-07 22:29:01,29.7,-91.21,91.99,55,20,1.45
173,Fairbanks,US,2020-09-07 22:25:32,64.84,-147.72,66.2,45,1,14.09
174,Ilulissat,GL,2020-09-07 22:27:36,69.22,-51.1,39.2,87,57,6.93
175,Aurangabad,IN,2020-09-07 22:29:02,19.88,75.33,76.98,83,86,4.29
176,Prince Rupert,CA,2020-09-07 22:29:02,54.32,-130.32,69.8,64,1,4.7
177,Saint George,US,2020-09-07 22:29:05,37.1,-113.58,105.01,8,1,13.87
178,Batouri,CM,2020-09-07 22:29:06,4.43,14.37,67.42,96,78,2.19
179,Hamilton,US,2020-09-07 22:28:06,39.18,-84.53,84.99,61,1,9.17
180,Axim,GH,2020-09-07 22:29:07,4.87,-2.24,74.7,93,63,7.05
181,Haines Junction,CA,2020-09-07 22:29:07,60.75,-137.51,52.54,71,96,4.27
182,Tuktoyaktuk,CA,2020-09-07 22:29:08,69.45,-133.04,46.4,93,90,8.05
183,Khalkhal,IR,2020-09-07 22:29:08,37.62,48.53,63.68,53,33,3.42
184,Kavieng,PG,2020-09-07 22:29:08,-2.57,150.8,83.7,74,52,13.29
185,Chiang Klang,TH,2020-09-07 22:29:09,19.29,100.86,75.43,88,100,1.99
186,Inhambane,MZ,2020-09-07 22:29:09,-23.86,35.38,65.97,75,13,9.17
187,Beira,MZ,2020-09-07 22:29:10,-19.84,34.84,68.0,72,0,4.7
188,Huarmey,PE,2020-09-07 22:29:10,-10.07,-78.15,64.35,72,5,10.54
189,Pakxan,LA,2020-09-07 22:29:11,18.38,103.66,75.76,94,100,2.3
190,Fort Nelson,CA,2020-09-07 22:29:11,58.81,-122.7,62.6,33,75,8.05
191,Nelson Bay,AU,2020-09-07 22:29:11,-32.72,152.15,59.0,77,6,4.7
192,Makakilo City,US,2020-09-07 22:29:12,21.35,-158.09,87.8,58,1,9.17
193,Arraial Do Cabo,BR,2020-09-07 22:29:12,-22.97,-42.03,73.4,88,0,11.41
194,Aleksandrov Gay,RU,2020-09-07 22:29:12,50.15,48.57,62.6,31,0,4.27
195,Nouadhibou,MR,2020-09-07 22:29:13,20.93,-17.03,80.6,74,100,6.93
196,Nanortalik,GL,2020-09-07 22:29:13,60.14,-45.24,42.24,78,0,19.89
197,Corinto,GR,2020-09-07 22:28:13,37.94,22.96,77.0,44,0,1.01
198,Biritiba-Mirim,BR,2020-09-07 22:29:14,-23.57,-46.04,72.0,77,87,10.29
199,Evans,US,2020-09-07 22:29:14,33.53,-82.13,89.6,33,1,8.05
200,Peniche,PT,2020-09-07 22:29:15,39.36,-9.38,70.0,70,37,10.2
201,Aswan,EG,2020-09-07 22:29:15,24.09,32.91,95.86,18,0,19.89
202,Palembang,ID,2020-09-07 22:29:16,-2.92,104.75,78.8,83,20,3.53
203,Lagoa,PT,2020-09-07 22:29:16,39.05,-27.98,70.32,78,23,20.65
204,Dovers,VC,2020-09-07 22:29:17,12.88,-61.18,82.4,78,40,5.82
205,College,US,2020-09-07 22:29:17,64.86,-147.8,66.2,52,75,3.36
206,Uige,AO,2020-09-07 22:29:17,-7.61,15.06,69.1,82,4,1.77
207,Komatipoort,ZA,2020-09-07 22:29:18,-25.43,31.95,60.8,82,0,3.36
208,Iqaluit,CA,2020-09-07 22:29:18,63.75,-68.51,41.0,75,20,5.82
209,Bredasdorp,ZA,2020-09-07 22:29:18,-34.53,20.04,55.4,87,0,4.7
210,Tolmin,SI,2020-09-07 22:29:18,46.18,13.73,64.0,93,11,6.29
211,Valdemarpils,LV,2020-09-07 22:29:19,57.37,22.59,55.4,82,20,5.82
212,Acapulco,MX,2020-09-07 22:29:19,16.86,-99.89,86.0,70,40,9.17
213,Kaitangata,NZ,2020-09-07 22:29:19,-46.28,169.85,48.99,77,24,4.0
214,Comodoro Rivadavia,AR,2020-09-07 22:29:20,-45.87,-67.5,62.6,48,63,6.93
215,Sisimiut,GL,2020-09-07 22:27:27,66.94,-53.67,40.3,71,68,4.45
216,Siocon,PH,2020-09-07 22:29:20,7.71,122.14,78.57,84,72,3.69
217,Ilhabela,BR,2020-09-07 22:29:00,-23.78,-45.36,70.99,86,90,3.47
218,Husavik,IS,2020-09-07 22:29:21,66.04,-17.34,42.8,70,75,10.29
219,Koslan,RU,2020-09-07 22:29:21,63.46,48.9,56.19,96,100,4.23
220,Lagunas,PE,2020-09-07 22:29:22,-5.23,-75.68,91.04,50,99,2.44
221,Hay River,CA,2020-09-07 22:29:22,60.82,-115.8,55.4,50,75,13.87
222,Karwar,IN,2020-09-07 22:29:22,14.8,74.13,78.84,87,100,6.46
223,Sabla,NG,2020-09-07 22:29:23,12.75,4.71,76.03,84,6,1.92
224,Looc,PH,2020-09-07 22:29:24,12.26,121.99,80.85,80,100,2.71
225,Lamar,US,2020-09-07 22:29:24,33.67,-95.58,91.4,52,20,12.75
226,Bubaque,GW,2020-09-07 22:29:25,11.28,-15.83,80.46,80,100,15.43
227,Aksu,CN,2020-09-07 22:29:26,41.12,80.26,62.78,38,1,1.34
228,Butaritari,KI,2020-09-07 22:29:27,3.07,172.79,82.63,75,31,7.07
229,Port Hardy,CA,2020-09-07 22:29:27,50.7,-127.42,66.2,77,40,3.36
230,Nantucket,US,2020-09-07 22:29:27,41.28,-70.1,69.8,77,1,13.87
231,Zverinogolovskoye,RU,2020-09-07 22:29:28,54.46,64.85,47.07,78,51,3.04
232,Rio Grande,BR,2020-09-07 22:26:25,-32.03,-52.1,57.0,92,4,3.0
233,Shahr-E Kord,IR,2020-09-07 22:29:28,32.33,50.86,64.4,20,30,4.7
234,Porto Santo,PT,2020-09-07 22:29:29,33.07,-16.34,73.4,78,75,2.24
235,Padang,ID,2020-09-07 22:29:29,-0.95,100.35,76.93,77,3,4.85
236,Dinghai,CN,2020-09-07 22:29:29,26.28,119.79,78.8,83,83,2.24
237,Hobyo,SO,2020-09-07 22:29:30,5.35,48.53,75.99,81,68,23.24
238,Oranjestad,AW,2020-09-07 22:24:30,12.52,-70.03,86.0,74,20,16.11
239,Glendive,US,2020-09-07 22:29:30,47.11,-104.71,48.99,61,90,16.11
240,Amapa,BR,2020-09-07 22:29:31,1.0,-52.0,83.39,51,83,3.04
241,Bandarbeyla,SO,2020-09-07 22:29:31,9.49,50.81,75.34,83,100,24.27
242,Sapele,NG,2020-09-07 22:29:32,5.89,5.68,74.48,91,67,3.15
243,San Lorenzo,PY,2020-09-07 22:29:32,-25.33,-57.53,62.6,82,90,10.29
244,Mahebourg,MU,2020-09-07 22:29:31,-20.41,57.7,71.6,94,20,11.41
245,Brewster,US,2020-09-07 22:29:32,41.4,-73.62,73.4,64,1,8.05
246,Merritt Island,US,2020-09-07 22:26:45,28.54,-80.67,84.2,78,40,8.05
247,Riyadh,SA,2020-09-07 22:29:33,24.69,46.72,82.4,23,0,5.17
248,Pita,GN,2020-09-07 22:29:33,10.83,-12.58,72.37,90,99,2.48
249,Ous,RU,2020-09-07 22:29:34,60.91,61.52,47.28,87,26,4.21
250,Ketchikan,US,2020-09-07 22:29:34,55.34,-131.65,66.2,63,75,11.41
251,Batman,TR,2020-09-07 22:29:35,37.89,41.13,64.4,59,0,6.93
252,Arman,RU,2020-09-07 22:29:35,59.7,150.17,52.23,75,0,3.13
253,Mackay,AU,2020-09-07 22:26:57,-21.15,149.2,68.0,88,75,14.99
254,Broome,US,2020-09-07 22:29:35,42.25,-75.83,75.0,64,1,8.05
255,Zenzeli,RU,2020-09-07 22:29:36,45.92,47.05,72.3,49,99,15.57
256,Kirakira,SB,2020-09-07 22:29:36,-10.45,161.92,82.35,75,5,6.69
257,Cairo,EG,2020-09-07 22:29:10,30.06,31.25,80.6,78,40,11.41
258,Xining,CN,2020-09-07 22:27:30,36.62,101.77,53.56,68,62,2.19
259,Aykhal,RU,2020-09-07 22:29:37,66.0,111.5,32.0,84,90,4.47
260,Sobolevo,RU,2020-09-07 22:29:37,54.43,31.9,52.45,94,100,11.74
261,North Battleford,CA,2020-09-07 22:29:38,52.78,-108.28,50.0,39,75,16.11
262,Paamiut,GL,2020-09-07 22:29:38,61.99,-49.67,41.27,81,25,22.08
263,Chokurdakh,RU,2020-09-07 22:29:39,70.63,147.92,36.75,82,97,6.4
264,Dudinka,RU,2020-09-07 22:28:51,69.41,86.18,48.2,93,18,11.18
265,Terney,RU,2020-09-07 22:29:39,45.05,136.61,62.2,89,100,12.91
266,Nizhniy Kuranakh,RU,2020-09-07 22:29:40,58.84,125.49,43.81,83,20,1.52
267,Walvis Bay,NA,2020-09-07 22:29:40,-22.96,14.51,55.0,93,0,9.17
268,Ponezhukay,RU,2020-09-07 22:29:40,44.89,39.39,69.8,94,1,2.24
269,Northam,GB,2020-09-07 22:29:41,51.03,-4.22,61.0,97,94,10.0
270,Port Hawkesbury,CA,2020-09-07 22:27:28,45.62,-61.35,64.4,68,1,9.17
271,Winnemucca,US,2020-09-07 22:29:42,40.97,-117.74,96.8,4,1,20.8
272,Lebyazhye,RU,2020-09-07 22:29:42,55.27,66.49,49.24,68,100,4.63
273,Porto Novo,BJ,2020-09-07 22:29:42,6.5,2.6,78.8,83,40,9.17
274,Kenai,US,2020-09-07 22:29:43,60.55,-151.26,57.2,67,90,27.51
275,Biryusinsk,RU,2020-09-07 22:29:44,55.96,97.82,48.34,96,100,5.12
276,Morros,BR,2020-09-07 22:29:44,-9.45,-46.3,81.25,29,11,4.34
277,Pevek,RU,2020-09-07 22:29:45,69.7,170.31,41.52,84,60,8.55
278,Vlore,AL,2020-09-07 22:29:46,40.47,19.49,73.89,57,0,4.97
279,Sri Aman,MY,2020-09-07 22:29:47,1.24,111.46,75.2,100,99,1.39
280,Half Moon Bay,US,2020-09-07 22:29:40,37.46,-122.43,102.2,47,1,13.87
281,Hervey Bay,AU,2020-09-07 22:29:48,-25.3,152.85,64.99,93,26,5.99
282,Taksimo,RU,2020-09-07 22:29:48,56.34,114.88,52.86,81,2,0.63
283,Novosokolniki,RU,2020-09-07 22:29:48,56.35,30.16,50.85,95,100,3.96
284,Praia Da Vitoria,PT,2020-09-07 22:29:49,38.73,-27.07,70.0,77,40,17.74
285,Cloquet,US,2020-09-07 22:29:49,46.72,-92.46,53.01,57,1,6.93
286,Berdigestyakh,RU,2020-09-07 22:29:49,62.1,126.7,39.27,91,1,3.62
287,Kahului,US,2020-09-07 22:29:50,20.89,-156.47,86.0,62,40,21.92
288,Stykkisholmur,IS,2020-09-07 22:29:50,65.08,-22.73,44.98,77,62,7.9
289,Adrar,MR,2020-09-07 22:29:50,20.5,-10.07,96.49,20,49,9.48
290,Outjo,NA,2020-09-07 22:29:51,-20.12,16.15,68.81,25,4,11.25
291,Sturgeon Falls,CA,2020-09-07 22:29:50,46.36,-79.93,64.99,51,75,12.75
292,Vitina,BA,2020-09-07 22:29:51,43.24,17.48,71.6,64,0,4.7
293,Hami,CN,2020-09-07 22:29:52,42.8,93.45,68.09,37,6,14.83
294,Piacabucu,BR,2020-09-07 22:29:52,-10.41,-36.43,73.89,83,0,7.81
295,Beasain,ES,2020-09-07 22:29:52,43.05,-2.2,64.99,99,69,3.49
296,Longyearbyen,SJ,2020-09-07 22:29:53,78.22,15.64,37.4,74,40,3.36
297,Labuhan,ID,2020-09-07 22:29:53,-6.88,112.21,76.3,85,34,6.51
298,Cidreira,BR,2020-09-07 22:26:13,-30.18,-50.21,57.9,94,100,18.23
299,Ancud,CL,2020-09-07 22:29:54,-41.87,-73.82,52.0,77,100,4.0
300,Aklavik,CA,2020-09-07 22:29:54,68.22,-135.01,46.4,93,75,3.36
301,Tabou,CI,2020-09-07 22:29:55,4.42,-7.35,76.64,89,68,10.6
302,Okhotsk,RU,2020-09-07 22:29:55,59.38,143.3,52.93,71,51,14.88
303,Goure,NE,2020-09-07 22:29:55,13.98,10.27,86.68,46,48,3.11
304,Chumikan,RU,2020-09-07 22:29:56,54.72,135.31,55.42,81,89,2.35
305,San Patricio,MX,2020-09-07 22:29:56,19.22,-104.7,89.6,75,75,17.22
306,Biak,ID,2020-09-07 22:29:56,-0.91,122.88,75.63,85,72,5.59
307,Batemans Bay,AU,2020-09-07 22:29:57,-35.72,150.18,57.0,77,39,5.01
308,Dingle,PH,2020-09-07 22:29:57,11.0,122.67,77.22,87,100,3.42
309,Sorland,NO,2020-09-07 22:29:58,67.67,12.69,51.8,93,75,28.86
310,Gat,IL,2020-09-07 22:29:58,31.61,34.76,82.0,79,4,0.83
311,Benguela,AO,2020-09-07 22:29:58,-12.58,13.41,72.61,77,35,2.1
312,Serebryansk,KZ,2020-09-07 22:29:59,49.69,83.29,48.2,81,90,4.47
313,Viedma,AR,2020-09-07 22:29:59,-40.81,-63.0,57.15,49,8,12.46
314,Coolum Beach,AU,2020-09-07 22:29:59,-26.53,153.1,66.99,81,28,3.0
315,Harfleur,FR,2020-09-07 22:30:00,49.51,0.2,62.6,77,90,10.29
316,Mumford,GH,2020-09-07 22:30:00,5.26,-0.76,74.25,94,62,9.4
317,Cairns,AU,2020-09-07 22:29:07,-16.92,145.77,73.4,78,75,10.29
318,Benjamin Constant,BR,2020-09-07 22:30:01,-4.38,-70.03,91.4,62,35,2.24
319,Karema,TZ,2020-09-07 22:30:02,-6.82,30.44,71.71,53,0,3.53
320,Rafaela,AR,2020-09-07 22:30:02,-31.25,-61.49,64.0,33,31,1.99
321,Olinda,BR,2020-09-07 22:30:03,-8.01,-34.86,77.0,73,40,10.29
322,Grand Gaube,MU,2020-09-07 22:30:04,-20.01,57.66,72.0,86,72,7.0
323,Dhanwar,IN,2020-09-07 22:30:05,24.42,85.98,79.2,84,100,3.53
324,Gladstone,AU,2020-09-07 22:30:06,-23.85,151.25,69.8,68,79,12.75
325,Marfino,RU,2020-09-07 22:30:07,55.7,37.38,66.2,59,97,8.95
326,Lavrentiya,RU,2020-09-07 22:30:07,65.58,-171.0,45.1,67,97,19.82
327,Karlstad,SE,2020-09-07 22:30:07,59.38,13.5,54.0,93,100,9.17
328,Tuy Hoa,VN,2020-09-07 22:30:08,13.08,109.3,78.91,81,100,3.62
329,Tuatapere,NZ,2020-09-07 22:30:09,-46.13,167.68,45.0,72,8,11.01
330,Rosh Pinna,IL,2020-09-07 22:30:09,32.97,35.54,80.01,90,3,2.37
331,Turka,UA,2020-09-07 22:30:10,49.15,23.03,52.0,95,100,3.0
332,Shingu,JP,2020-09-07 22:30:10,33.73,135.98,79.45,86,10,5.35
333,Khvalynsk,RU,2020-09-07 22:30:10,52.49,48.11,61.57,44,45,3.33
334,Verkhoyansk,RU,2020-09-07 22:30:11,67.54,133.38,45.88,77,100,3.27
335,Chicama,PE,2020-09-07 22:30:11,-7.84,-79.15,64.69,71,6,7.11
336,Guhagar,IN,2020-09-07 22:30:11,17.48,73.19,77.49,87,83,3.76
337,Aden,YE,2020-09-07 22:27:33,12.78,45.04,86.2,76,31,11.74
338,Krasnoselkup,RU,2020-09-07 22:30:12,65.7,82.47,41.68,78,74,2.73
339,Baglan,AF,2020-09-07 22:30:12,36.13,68.71,57.65,33,0,0.63
340,Coihueco,CL,2020-09-07 22:30:13,-36.62,-71.83,59.0,67,77,5.82
341,Impfondo,CG,2020-09-07 22:30:14,1.64,18.07,71.04,95,91,0.85
342,Lincoln,US,2020-09-07 22:25:55,40.8,-96.67,73.4,35,90,16.11
343,Belfast,GB,2020-09-07 22:30:14,54.58,-5.93,62.6,88,86,11.41
344,Mastic Beach,US,2020-09-07 22:28:26,40.77,-72.85,75.2,64,20,8.05
345,Veinticinco De Mayo,AR,2020-09-07 22:30:15,-35.43,-60.17,54.0,74,0,1.99
346,Manzhouli,CN,2020-09-07 22:30:15,49.6,117.43,55.63,79,0,8.59
347,Guerrero Negro,MX,2020-09-07 22:30:16,27.98,-114.06,85.64,53,0,16.64
348,Egvekinot,RU,2020-09-07 22:30:16,66.32,-179.17,39.94,69,100,4.76
349,Roberval,CA,2020-09-07 22:30:16,48.52,-72.23,68.0,77,75,20.8
350,Byron Bay,AU,2020-09-07 22:30:17,-28.65,153.62,64.0,82,90,6.93
351,Klyuchi,RU,2020-09-07 22:30:17,52.27,79.17,44.67,85,91,10.07
352,Katobu,ID,2020-09-07 22:30:17,-4.94,122.53,76.64,88,88,4.54
353,Mongagua,BR,2020-09-07 22:30:18,-24.09,-46.62,73.0,88,90,5.82
354,Juan Lacaze,UY,2020-09-07 22:30:18,-34.43,-57.44,54.0,87,85,13.87
355,Cravo Norte,CO,2020-09-07 22:30:18,6.3,-70.2,78.4,87,96,6.6
356,Krasnokamensk,RU,2020-09-07 22:30:19,50.1,118.04,54.05,83,18,6.93
357,Narsaq,GL,2020-09-07 22:30:19,60.92,-46.05,46.4,70,40,3.36
358,Itarema,BR,2020-09-07 22:30:19,-2.92,-39.92,77.88,80,73,16.58
359,Nome,US,2020-09-07 22:26:59,64.5,-165.41,53.6,81,90,11.41
360,Qaqortoq,GL,2020-09-07 22:30:20,60.72,-46.03,46.4,70,40,3.36
361,Benton Harbor,US,2020-09-07 22:30:20,42.12,-86.45,69.01,60,1,5.82
362,Okakarara,NA,2020-09-07 22:30:21,-20.58,17.43,61.81,31,0,7.11
363,Cayenne,GF,2020-09-07 22:30:21,4.93,-52.33,82.4,83,34,5.82
364,Broken Hill,AU,2020-09-07 22:30:22,-31.95,141.43,73.4,31,0,13.87
365,Cerinza,CO,2020-09-07 22:30:22,5.96,-72.95,54.3,86,76,0.2
366,Aktau,KZ,2020-09-07 22:30:22,43.65,51.2,73.4,18,99,11.18
367,Mancio Lima,BR,2020-09-07 22:30:23,-7.61,-72.9,78.8,94,90,4.7
368,Suhut,TR,2020-09-07 22:30:23,38.53,30.55,64.26,46,0,2.77
369,Arcata,US,2020-09-07 22:30:24,40.87,-124.08,70.0,68,1,5.82
370,La Ronge,CA,2020-09-07 22:30:25,55.1,-105.28,42.8,56,90,12.75
371,Calabozo,VE,2020-09-07 22:30:26,8.92,-67.43,77.36,92,100,2.66
372,Burgeo,CA,2020-09-07 22:30:26,47.62,-57.62,56.91,76,15,8.05
373,Kayes,ML,2020-09-07 22:30:27,14.0,-11.0,82.4,88,20,2.24
374,Pochutla,MX,2020-09-07 22:30:27,15.74,-96.47,89.01,70,20,7.02
375,Tafresh,IR,2020-09-07 22:30:27,34.69,50.01,60.46,31,4,0.78
376,Eureka,US,2020-09-07 22:29:13,40.8,-124.16,70.0,46,0,1.99
377,Solnechnyy,RU,2020-09-07 22:30:28,50.72,136.63,58.68,90,100,5.93
378,Akureyri,IS,2020-09-07 22:30:28,65.68,-18.09,42.8,70,75,10.29
379,Zhigalovo,RU,2020-09-07 22:30:29,54.81,105.16,48.38,85,75,2.39
380,Bartica,GY,2020-09-07 22:30:29,6.4,-58.62,75.2,100,40,2.24
381,Manado,ID,2020-09-07 22:28:11,1.49,124.85,75.2,94,20,1.12
382,Miraflores,MX,2020-09-07 22:30:30,19.22,-98.81,75.2,41,75,13.87
383,Awjilah,LY,2020-09-07 22:30:30,29.11,21.29,77.34,52,0,9.51
384,Tiksi,RU,2020-09-07 22:30:31,71.69,128.87,44.69,73,100,10.54
385,Maunabo,PR,2020-09-07 22:30:31,18.01,-65.9,84.0,100,24,5.84
386,Mersing,MY,2020-09-07 22:30:31,2.43,103.84,75.2,94,89,6.93
387,Belaya Gora,RU,2020-09-07 22:30:32,68.53,146.42,43.77,64,88,11.72
388,Moreira Sales,BR,2020-09-07 22:30:32,-24.06,-53.01,73.76,52,96,3.67
389,San Cristobal,VE,2020-09-07 22:30:32,7.77,-72.22,87.8,55,40,6.93
390,Fortuna,US,2020-09-07 22:30:33,40.6,-124.16,73.4,56,20,11.41
391,Mayor Pablo Lagerenza,PY,2020-09-07 22:30:33,-19.93,-60.77,73.99,53,100,6.33
392,Sinnamary,GF,2020-09-07 22:30:34,5.38,-52.95,79.52,88,69,11.16
393,Kandrian,PG,2020-09-07 22:30:34,-6.22,149.55,82.62,75,18,6.87
394,Sangre Grande,TT,2020-09-07 22:30:34,10.58,-61.12,86.0,66,20,5.82
395,Vestmannaeyjar,IS,2020-09-07 22:30:35,63.44,-20.27,49.51,79,99,8.05
396,Vanderhoof,CA,2020-09-07 22:30:35,54.02,-124.02,65.66,33,0,0.34
397,Nenjiang,CN,2020-09-07 22:30:35,49.18,125.22,60.19,85,100,16.15
398,Verkhoshizhemye,RU,2020-09-07 22:30:36,58.01,49.1,56.75,87,100,6.04
399,Raga,SS,2020-09-07 22:30:36,8.46,25.68,67.95,96,87,3.13
400,Faya,SA,2020-09-07 22:30:36,18.39,42.45,69.8,22,29,4.72
401,Lawton,US,2020-09-07 22:30:37,34.61,-98.39,93.2,38,1,18.34
402,Cap Malheureux,MU,2020-09-07 22:30:37,-19.98,57.61,72.0,86,70,7.0
403,Leningradskiy,RU,2020-09-07 22:30:37,69.38,178.42,42.31,71,26,15.08
404,Ayan,RU,2020-09-07 22:30:38,56.45,138.17,54.99,66,0,11.1
405,Kijang,KR,2020-09-07 22:30:38,35.24,129.21,75.2,73,75,9.17
406,Muswellbrook,AU,2020-09-07 22:30:39,-32.27,150.9,55.99,76,0,1.99
407,Talnakh,RU,2020-09-07 22:30:39,69.49,88.4,48.2,93,12,11.18
408,Les Cayes,HT,2020-09-07 22:30:39,18.2,-73.75,80.91,75,100,3.36
409,Torbay,CA,2020-09-07 22:30:40,47.67,-52.73,59.0,67,5,12.75
410,Cumpas,MX,2020-09-07 22:30:40,29.98,-109.78,90.93,44,30,7.31
411,Rio Gallegos,AR,2020-09-07 22:26:48,-51.62,-69.22,48.2,66,100,4.7
412,Kempsey,AU,2020-09-07 22:30:40,-31.08,152.83,63.0,77,1,4.0
413,Henties Bay,NA,2020-09-07 22:30:41,-22.12,14.28,55.0,94,0,5.99
414,Cockburn Town,TC,2020-09-07 22:30:41,21.46,-71.14,86.0,66,40,9.17
415,Raudeberg,NO,2020-09-07 22:30:42,61.99,5.14,52.0,91,98,29.64
416,Menongue,AO,2020-09-07 22:30:42,-14.66,17.69,58.15,34,0,5.12
417,Mattru,SL,2020-09-07 22:30:42,7.62,-11.83,73.17,98,100,2.51
418,Ambon,ID,2020-09-07 22:30:43,-3.7,128.18,79.0,94,75,6.93
419,Nishihara,JP,2020-09-07 22:30:43,26.18,127.76,78.8,88,40,3.36
420,Kota Kinabalu,MY,2020-09-07 22:26:48,5.97,116.07,77.0,94,20,3.36
421,Constitucion,CL,2020-09-07 22:30:45,-35.33,-72.42,49.75,85,84,7.65
422,Puertollano,ES,2020-09-07 22:30:46,38.69,-4.11,71.01,27,0,5.01
423,Muncar,ID,2020-09-07 22:30:47,-8.43,114.33,74.66,86,42,0.85
424,Kieta,PG,2020-09-07 22:30:47,-6.22,155.63,85.82,62,35,3.94
425,Kiama,AU,2020-09-07 22:30:47,-34.68,150.87,64.99,61,5,5.99
426,Surt,LY,2020-09-07 22:30:48,31.21,16.59,78.51,61,0,19.39
427,San Ignacio,BZ,2020-09-07 22:30:48,17.16,-89.07,91.4,59,20,4.7
428,Koutsouras,GR,2020-09-07 22:30:48,35.03,25.95,75.25,65,0,9.86
429,Salalah,OM,2020-09-07 22:30:47,17.02,54.09,78.8,88,75,5.82
430,Bengkulu,ID,2020-09-07 22:29:37,-3.8,102.27,75.56,89,24,7.07
431,Sokolo,ML,2020-09-07 22:30:50,14.73,-6.12,79.97,71,19,10.67
432,Nguruka,TZ,2020-09-07 22:30:50,-5.11,31.04,63.7,59,14,1.3
433,Sitka,US,2020-09-07 22:30:50,57.05,-135.33,57.2,87,90,4.7
434,Harij,IN,2020-09-07 22:30:51,23.7,71.9,82.89,79,52,6.96
435,Lazarev,RU,2020-09-07 22:30:51,52.23,141.51,56.79,88,100,3.65
436,Arboledas,CO,2020-09-07 22:30:51,7.64,-72.8,87.8,55,40,6.93
437,Ammon,US,2020-09-07 22:30:52,43.47,-111.97,68.0,42,75,25.28
438,Hofn,IS,2020-09-07 22:29:40,64.25,-15.21,47.98,60,0,15.5
439,Richards Bay,ZA,2020-09-07 22:30:52,-28.78,32.04,64.71,85,1,2.44
440,Acari,PE,2020-09-07 22:30:52,-15.43,-74.62,61.81,66,62,4.43
441,Porto Velho,BR,2020-09-07 22:30:53,-8.76,-63.9,86.0,66,20,2.06
442,Palmer,US,2020-09-07 22:30:53,42.16,-72.33,77.0,53,75,5.82
443,Katangli,RU,2020-09-07 22:30:53,51.71,143.23,55.31,86,100,3.62
444,Kismayo,SO,2020-09-07 22:30:54,-0.36,42.55,75.79,78,14,13.53
445,Cheyenne,US,2020-09-07 22:30:54,41.14,-104.82,75.2,19,1,24.16
446,Barmer,IN,2020-09-07 22:30:55,25.75,71.38,82.2,76,0,10.31
447,Baruun-Urt,MN,2020-09-07 22:30:55,46.68,113.28,52.77,79,2,8.3
448,Vardo,NO,2020-09-07 22:29:19,70.37,31.11,44.6,100,96,6.93
449,Llata,PE,2020-09-07 22:30:56,-9.42,-76.78,51.75,68,68,5.44
450,Roald,NO,2020-09-07 22:30:56,62.58,6.13,55.99,82,93,24.16
451,Sangueya,GN,2020-09-07 22:30:56,10.7,-14.37,75.87,90,100,2.75
452,Waterloo,CA,2020-09-07 22:29:18,43.47,-80.52,69.01,77,90,8.05
453,Carlsbad,US,2020-09-07 22:30:39,33.16,-117.35,86.0,74,1,10.29
454,Hovd,MN,2020-09-07 22:29:55,48.01,91.64,50.05,47,100,6.69
455,Marzuq,YE,2020-09-07 22:30:58,14.4,46.47,78.73,58,16,4.88
456,Leh,IN,2020-09-07 22:30:58,34.17,77.58,51.6,43,5,3.11
457,Evensk,RU,2020-09-07 22:30:19,61.95,159.23,48.99,74,100,22.1
458,Terrace Bay,CA,2020-09-07 22:30:59,48.78,-87.1,51.8,50,75,12.75
459,Ringebu,NO,2020-09-07 22:30:59,61.52,10.17,43.0,95,78,7.0
460,Galle,LK,2020-09-07 22:31:00,6.04,80.22,80.24,85,99,11.12
461,Sabang,ID,2020-09-07 22:31:00,5.89,95.32,83.07,75,99,18.59
462,Wanning,CN,2020-09-07 22:31:00,18.8,110.4,82.02,85,96,5.5
463,Penzance,GB,2020-09-07 22:31:01,50.12,-5.54,60.01,93,75,9.17
464,Panaba,MX,2020-09-07 22:31:02,21.28,-88.27,84.54,67,18,10.78
465,Khargapur,IN,2020-09-07 22:31:02,24.82,79.14,78.66,83,84,5.61
466,Robstown,US,2020-09-07 22:31:02,27.79,-97.67,89.6,59,90,10.29
467,High Level,CA,2020-09-07 22:31:03,58.52,-117.14,60.8,55,75,4.7
468,Mufumbwe,ZM,2020-09-07 22:31:04,-13.68,24.8,56.95,35,0,6.31
469,Paita,PE,2020-09-07 22:31:04,-5.09,-81.11,62.53,83,23,15.12
470,Lensk,RU,2020-09-07 22:31:05,60.73,114.93,52.9,91,99,3.53
471,Maragogi,BR,2020-09-07 22:31:06,-9.01,-35.22,73.87,78,3,6.96
472,Kalemie,CD,2020-09-07 22:31:06,-5.95,29.19,71.67,54,0,3.56
473,Batasan,PH,2020-09-07 22:31:07,12.77,120.78,82.63,72,100,3.83
474,Villa Bruzual,VE,2020-09-07 22:31:07,9.33,-69.12,77.09,91,81,1.5
475,Nuuk,GL,2020-09-07 22:31:08,64.18,-51.72,41.0,80,99,4.7
476,Karratha,AU,2020-09-07 22:31:08,-20.74,116.85,74.57,42,0,6.98
477,Namwala,ZM,2020-09-07 22:31:08,-15.75,26.44,57.25,50,0,3.8
478,Okha,RU,2020-09-07 22:31:09,53.57,142.95,57.42,85,61,7.81
479,Sao Joao Da Barra,BR,2020-09-07 22:31:09,-21.64,-41.05,77.0,78,75,18.34
480,Warren,US,2020-09-07 22:31:09,39.43,-84.17,84.2,58,40,10.29
481,Nyakabindi,TZ,2020-09-07 22:31:10,-2.63,33.98,67.24,74,93,5.82
482,Port-Gentil,GA,2020-09-07 22:31:10,-0.72,8.78,75.2,94,40,13.11
483,Shchelkun,RU,2020-09-07 22:31:11,56.3,60.95,44.6,100,90,2.24
484,Mazagao,BR,2020-09-07 22:31:11,-0.12,-51.29,86.0,74,20,9.17
485,Ust-Kulom,RU,2020-09-07 22:31:12,61.69,53.69,57.04,85,98,4.63
486,Krasnyy Luch,UA,2020-09-07 22:31:12,48.14,38.94,62.13,39,0,3.06
487,Tromso,NO,2020-09-07 22:26:50,69.65,18.96,48.2,81,99,31.09
488,Itoman,JP,2020-09-07 22:31:13,26.12,127.67,78.8,88,40,4.7
489,Diego De Almagro,CL,2020-09-07 22:31:13,-26.37,-70.05,53.44,43,0,2.98
490,Harper,LR,2020-09-07 22:31:14,4.38,-7.72,77.16,87,75,10.69
491,Gurupi,BR,2020-09-07 22:30:11,-11.73,-49.07,82.72,24,1,4.38
492,Diamantino,BR,2020-09-07 22:31:14,-14.41,-56.45,85.37,20,0,2.19
493,Grenaa,DK,2020-09-07 22:31:15,56.42,10.88,59.0,77,64,6.93
494,Manta,EC,2020-09-07 22:26:22,-0.95,-80.73,73.4,83,90,13.87
495,Ariquemes,BR,2020-09-07 22:29:42,-9.91,-63.04,93.58,17,10,2.42
496,Khani,GE,2020-09-07 22:31:15,41.96,42.96,69.8,94,40,2.24
497,Mailani,IN,2020-09-07 22:31:16,28.28,80.35,80.64,79,53,2.89
498,Mbandaka,CD,2020-09-07 22:31:16,0.05,18.26,70.27,93,94,2.42
499,Khasan,RU,2020-09-07 22:31:17,42.43,130.64,67.23,89,100,19.3
500,Vanimo,PG,2020-09-07 22:31:17,-2.67,141.3,82.6,73,3,7.38
501,Naze,JP,2020-09-07 22:31:17,28.37,129.48,77.0,94,40,2.24
502,Saucillo,MX,2020-09-07 22:31:18,28.02,-105.28,76.08,57,90,17.07
503,Berlevag,NO,2020-09-07 22:31:18,70.86,29.09,46.4,93,75,1.12
504,Filingue,NE,2020-09-07 22:31:19,14.35,3.32,82.36,65,19,8.95
505,Altay,CN,2020-09-07 22:31:19,47.87,88.12,48.07,58,73,5.12
506,Baherden,TM,2020-09-07 22:31:19,38.44,57.43,65.88,23,0,6.73
507,Barcelona,ES,2020-09-07 22:28:51,41.39,2.16,62.6,93,20,12.75
508,Durango,MX,2020-09-07 22:28:04,24.83,-104.83,71.83,58,97,3.58
509,Carutapera,BR,2020-09-07 22:31:20,-1.2,-46.02,79.07,80,57,8.59
510,Corcoran,US,2020-09-07 22:31:21,36.1,-119.56,105.8,29,20,4.7
511,Hanmer Springs,NZ,2020-09-07 22:31:21,-42.52,172.82,59.86,34,0,2.86
512,Tongliao,CN,2020-09-07 22:31:22,43.61,122.27,64.27,74,100,21.68
513,Colac,AU,2020-09-07 22:29:27,-38.33,143.58,63.0,56,100,5.01
514,Ittiri,IT,2020-09-07 22:31:22,40.59,8.57,66.0,82,13,3.36
515,Ranipur,PK,2020-09-07 22:31:23,27.29,68.51,87.8,70,0,9.53
516,Touros,BR,2020-09-07 22:31:23,-5.2,-35.46,75.2,83,0,6.93
517,Zemio,CF,2020-09-07 22:31:24,5.03,25.14,68.45,97,92,1.12
518,Mau,IN,2020-09-07 22:31:25,25.95,83.55,82.22,79,100,3.02
519,La Cruz,MX,2020-09-07 22:31:26,23.92,-106.9,90.0,70,53,8.01
520,Fare,PF,2020-09-07 22:31:27,-16.7,-151.02,78.33,76,32,13.53
521,Setermoen,NO,2020-09-07 22:31:27,68.86,18.35,44.6,100,96,19.46
522,Canto Do Buriti,BR,2020-09-07 22:31:27,-8.11,-42.94,78.33,32,0,4.43
523,Sao Filipe,CV,2020-09-07 22:31:28,14.9,-24.5,78.46,85,99,12.91
524,Yulara,AU,2020-09-07 22:31:28,-25.24,130.99,64.4,27,0,2.24
525,Tautira,PF,2020-09-07 22:31:28,-17.73,-149.15,80.6,69,40,16.11
526,Zabaykalsk,RU,2020-09-07 22:31:29,49.63,117.32,55.27,79,0,8.7
527,Bandar-E Lengeh,IR,2020-09-07 22:31:29,26.56,54.88,87.8,79,0,2.55
528,Kaifeng,CN,2020-09-07 22:31:29,34.79,114.35,71.6,73,1,6.71
529,Dolores,AR,2020-09-07 22:31:30,-36.31,-57.68,44.13,92,76,7.43
530,Tyshkivka,UA,2020-09-07 22:31:30,48.5,30.94,67.98,45,0,5.3
531,Bayir,TR,2020-09-07 22:31:31,37.27,28.22,69.8,68,0,4.7
532,Irituia,BR,2020-09-07 22:31:31,-1.77,-47.44,81.01,69,74,6.04
533,Orange Cove,US,2020-09-07 22:31:31,36.62,-119.31,100.4,31,1,4.7
534,Bakchar,RU,2020-09-07 22:31:32,57.02,82.07,40.82,97,95,3.8
535,Yakymivka,UA,2020-09-07 22:31:32,46.69,35.15,68.67,74,0,4.68
536,Krasnovka,RU,2020-09-07 22:31:32,48.82,40.09,62.67,51,0,8.1
537,Lukulu,ZM,2020-09-07 22:31:33,-14.37,23.24,61.68,30,0,7.76
538,Pitimbu,BR,2020-09-07 22:31:33,-7.47,-34.81,73.4,83,0,6.93
539,Muros,ES,2020-09-07 22:31:33,42.78,-9.06,66.0,67,20,8.99
540,Bayeux,BR,2020-09-07 22:31:16,-7.12,-34.93,73.4,83,1,6.93
541,New Albany,US,2020-09-07 22:31:34,38.29,-85.82,86.0,58,1,12.75
542,Sechura,PE,2020-09-07 22:31:34,-5.56,-80.82,66.94,68,35,15.28
543,Shimoda,JP,2020-09-07 22:31:35,34.67,138.95,80.01,82,3,1.01
544,Ovalle,CL,2020-09-07 22:31:35,-30.6,-71.2,61.81,50,42,4.16
545,Balaipungut,ID,2020-09-07 22:31:35,1.05,101.28,73.4,94,40,2.39
546,Waddan,LY,2020-09-07 22:31:36,29.16,16.14,79.95,25,0,13.67
547,Aberdeen,GB,2020-09-07 22:31:36,57.14,-2.1,60.8,63,100,4.7
548,Chau Doc,VN,2020-09-07 22:31:37,10.7,105.12,79.29,88,77,5.5
549,Floro,NO,2020-09-07 22:31:37,61.6,5.03,55.4,82,75,21.92
550,Najran,SA,2020-09-07 22:31:37,17.49,44.13,78.8,29,13,4.34
551,Minas,UY,2020-09-07 22:27:31,-34.38,-55.24,54.0,76,70,9.17
552,Porto Belo,BR,2020-09-07 22:31:38,-27.16,-48.55,66.0,88,75,5.82
553,Bergisch Gladbach,DE,2020-09-07 22:31:38,50.98,7.13,60.01,93,38,2.24
554,Cabuyaro,CO,2020-09-07 22:31:39,4.28,-72.79,81.41,75,25,2.15
555,Nacala,MZ,2020-09-07 22:31:39,-14.54,40.67,65.98,81,0,5.91
556,Alamosa,US,2020-09-07 22:31:39,37.47,-105.87,84.2,8,1,16.11
557,Gencsapati,HU,2020-09-07 22:31:40,47.28,16.6,52.0,89,22,7.47
558,Yumen,CN,2020-09-07 22:31:40,40.28,97.2,64.71,38,100,4.25
559,Bolivar,US,2020-09-07 22:31:40,37.61,-93.41,91.0,50,0,12.55
560,North Bend,US,2020-09-07 22:27:52,43.41,-124.22,62.6,77,1,12.75
561,Avera,US,2020-09-07 22:31:41,33.19,-82.53,87.8,48,1,3.36
562,Kyabe,TD,2020-09-07 22:31:41,9.45,18.94,70.18,94,63,1.48
563,Saint-Augustin,CA,2020-09-07 22:31:37,51.23,-58.65,53.73,77,55,9.62
564,Kawambwa,ZM,2020-09-07 22:31:42,-9.79,29.08,60.31,32,69,6.06
565,Bataipora,BR,2020-09-07 22:31:42,-22.3,-53.27,77.49,37,71,4.72
566,Umm Lajj,SA,2020-09-07 22:31:43,25.02,37.27,88.05,52,0,5.95
567,Ocampo,MX,2020-09-07 22:31:43,21.65,-101.5,69.84,51,100,7.83
568,Portland,US,2020-09-07 22:27:52,45.52,-122.68,89.01,35,75,5.82
